kayla,carr,whiteelephant259,female,1980-02-20 00:41:35,https://randomuser.me/api/portraits/med/women/47.jpg
charlotte,bergeron,tinylion574,female,1984-06-21 00:55:20,https://randomuser.me/api/portraits/med/women/20.jpg
domingo,castro,goldenfish943,male,1990-12-16 00:52:18,https://randomuser.me/api/portraits/med/men/24.jpg
mabel,peters,greenfrog368,female,1964-04-16 14:28:32,https://randomuser.me/api/portraits/med/women/56.jpg
annick,van den bosch,beautifulbear936,female,1945-05-03 11:16:34,https://randomuser.me/api/portraits/med/women/11.jpg
naomi,rolland,silvergorilla567,female,1957-03-14 17:48:09,https://randomuser.me/api/portraits/med/women/48.jpg
bradley,omahony,purplegoose455,male,1981-09-27 08:56:54,https://randomuser.me/api/portraits/med/men/38.jpg
hudson,hall,smallkoala179,male,1988-06-04 15:49:07,https://randomuser.me/api/portraits/med/men/93.jpg
ismael,christianen,ticklishelephant591,male,1983-02-20 17:52:02,https://randomuser.me/api/portraits/med/men/80.jpg
kasper,keranen,lazybutterfly284,male,1968-04-03 12:47:23,https://randomuser.me/api/portraits/med/men/24.jpg
luisa,gallardo,purplelion983,female,1964-07-10 10:06:34,https://randomuser.me/api/portraits/med/women/74.jpg
arturo,campos,beautifultiger154,male,1974-02-18 22:04:15,https://randomuser.me/api/portraits/med/men/34.jpg
camille,hubert,heavywolf468,female,1968-09-17 02:47:45,https://randomuser.me/api/portraits/med/women/83.jpg
tristan,clement,yellowleopard563,male,1975-12-18 16:05:56,https://randomuser.me/api/portraits/med/men/64.jpg
chloe,mendoza,yellowlion377,female,1985-09-24 14:55:41,https://randomuser.me/api/portraits/med/women/51.jpg
landon,schmidt,yellowdog376,male,1980-05-31 19:28:32,https://randomuser.me/api/portraits/med/men/92.jpg
lilly,martin,beautifulbird556,female,1985-03-17 05:12:43,https://randomuser.me/api/portraits/med/women/50.jpg
norah,da silva,heavybutterfly213,female,1961-09-03 07:46:52,https://randomuser.me/api/portraits/med/women/87.jpg
orlando,neefjes,lazymeercat765,male,1989-01-15 07:39:20,https://randomuser.me/api/portraits/med/men/89.jpg
jimi,huhtala,bigwolf649,male,1982-08-13 16:03:49,https://randomuser.me/api/portraits/med/men/73.jpg
charlotte,mckinney,crazywolf512,female,1966-10-24 02:22:34,https://randomuser.me/api/portraits/med/women/85.jpg
noe,adam,orangetiger528,male,1955-02-25 17:14:36,https://randomuser.me/api/portraits/med/men/72.jpg
pia,kunze,greendog272,female,1982-04-26 14:05:00,https://randomuser.me/api/portraits/med/women/10.jpg
catharinus,middeldorp,organicbear388,male,1959-05-13 19:14:32,https://randomuser.me/api/portraits/med/men/66.jpg
niilo,huhta,blueswan269,male,1950-02-18 01:14:55,https://randomuser.me/api/portraits/med/men/37.jpg
hudson,thompson,goldenbear530,male,1969-09-28 03:22:42,https://randomuser.me/api/portraits/med/men/19.jpg
naomi,rodriquez,brownmeercat944,female,1990-06-11 00:32:19,https://randomuser.me/api/portraits/med/women/41.jpg
lee,may,lazymeercat385,male,1963-07-08 08:33:55,https://randomuser.me/api/portraits/med/men/74.jpg
jane,jacobs,whitelion248,female,1976-05-01 16:02:21,https://randomuser.me/api/portraits/med/women/44.jpg
konrad,werner,orangesnake656,male,1953-07-31 17:27:46,https://randomuser.me/api/portraits/med/men/76.jpg
ceylan,ozansoy,yellowostrich449,female,1976-11-13 04:29:06,https://randomuser.me/api/portraits/med/women/88.jpg
stanley,marshall,orangerabbit800,male,1960-11-16 02:48:36,https://randomuser.me/api/portraits/med/men/79.jpg
frederick,brown,yellowdog364,male,1957-10-18 02:46:41,https://randomuser.me/api/portraits/med/men/57.jpg
cherish,barneveld,redleopard333,female,1952-05-28 10:54:06,https://randomuser.me/api/portraits/med/women/5.jpg
gauthier,noel,whiteelephant927,male,1990-06-12 17:04:03,https://randomuser.me/api/portraits/med/men/97.jpg
pierre,rodriguez,biggoose814,male,1962-02-11 02:31:07,https://randomuser.me/api/portraits/med/men/91.jpg
maya,sirko,brownbird396,female,1945-11-20 05:37:33,https://randomuser.me/api/portraits/med/women/84.jpg
silje,johansen,purplemouse569,female,1965-08-29 04:45:50,https://randomuser.me/api/portraits/med/women/42.jpg
alexandre,clement,whitegoose343,male,1962-04-18 11:24:06,https://randomuser.me/api/portraits/med/men/45.jpg
amelia,liu,lazyswan673,female,1963-06-14 22:26:09,https://randomuser.me/api/portraits/med/women/57.jpg
mika,schmitz,purplemouse128,male,1967-03-04 10:35:32,https://randomuser.me/api/portraits/med/men/84.jpg
hector,louis,brownduck949,male,1994-10-12 19:16:45,https://randomuser.me/api/portraits/med/men/27.jpg
sophie,young,lazygoose480,female,1981-05-13 23:37:55,https://randomuser.me/api/portraits/med/women/38.jpg
silas,hansen,bigostrich565,male,1948-06-25 00:32:10,https://randomuser.me/api/portraits/med/men/52.jpg
cristina,castro,redpeacock227,female,1955-01-03 23:16:24,https://randomuser.me/api/portraits/med/women/75.jpg
aurora,fuentes,smallcat310,female,1948-05-21 19:32:57,https://randomuser.me/api/portraits/med/women/45.jpg
candice,coleman,goldencat210,female,1979-09-26 08:54:03,https://randomuser.me/api/portraits/med/women/37.jpg
justin,grewal,brownbird213,male,1960-02-22 22:24:24,https://randomuser.me/api/portraits/med/men/65.jpg
samer,thuis,yellowleopard281,male,1966-10-05 21:47:54,https://randomuser.me/api/portraits/med/men/29.jpg
blanca,aguilar,ticklishcat695,female,1948-02-03 14:56:07,https://randomuser.me/api/portraits/med/women/45.jpg
jonah,wolter,silverostrich949,male,1950-05-07 05:38:54,https://randomuser.me/api/portraits/med/men/78.jpg
troy,owens,silverlion657,male,1980-03-24 01:09:16,https://randomuser.me/api/portraits/med/men/37.jpg
purificacion,torres,greenpanda411,female,1994-03-16 23:40:19,https://randomuser.me/api/portraits/med/women/65.jpg
raymond,lowe,browngorilla910,male,1991-09-28 01:25:28,https://randomuser.me/api/portraits/med/men/26.jpg
valtteri,korhonen,ticklishmeercat467,male,1989-01-16 20:10:06,https://randomuser.me/api/portraits/med/men/88.jpg
susan,jensen,greensnake175,female,1971-07-31 15:36:29,https://randomuser.me/api/portraits/med/women/71.jpg
rose,ramos,heavybutterfly448,female,1964-05-21 06:41:36,https://randomuser.me/api/portraits/med/women/82.jpg
anton,tolonen,reddog427,male,1953-11-11 21:49:36,https://randomuser.me/api/portraits/med/men/74.jpg
antonia,herrero,beautifulswan547,female,1991-02-14 03:02:41,https://randomuser.me/api/portraits/med/women/12.jpg
albane,nicolas,purplelion165,female,1985-07-29 02:41:56,https://randomuser.me/api/portraits/med/women/83.jpg
dominic,liu,yellowmeercat917,male,1952-05-01 11:06:28,https://randomuser.me/api/portraits/med/men/45.jpg
mary,fields,lazyfrog258,female,1959-10-10 21:15:16,https://randomuser.me/api/portraits/med/women/42.jpg
jeremy,burns,whitekoala733,male,1948-09-30 08:21:46,https://randomuser.me/api/portraits/med/men/5.jpg
eliott,dubois,organicpeacock829,male,1970-01-30 04:07:39,https://randomuser.me/api/portraits/med/men/16.jpg
pauline,caldwell,brownsnake714,female,1990-03-23 16:01:28,https://randomuser.me/api/portraits/med/women/58.jpg
austin,fields,blackmeercat409,male,1994-01-31 06:21:31,https://randomuser.me/api/portraits/med/men/74.jpg
wesley,simmmons,organicelephant329,male,1962-08-23 02:26:29,https://randomuser.me/api/portraits/med/men/19.jpg
allen,hicks,whitetiger113,male,1990-02-17 05:14:10,https://randomuser.me/api/portraits/med/men/5.jpg
celto,monteiro,heavydog674,male,1989-08-24 23:36:12,https://randomuser.me/api/portraits/med/men/55.jpg
juliette,slawa,crazyelephant165,female,1955-02-15 15:53:55,https://randomuser.me/api/portraits/med/women/3.jpg
adinda,holierhoek,smallfrog609,female,1951-03-26 10:14:28,https://randomuser.me/api/portraits/med/women/18.jpg
maya,scott,bigwolf838,female,1994-10-27 17:38:51,https://randomuser.me/api/portraits/med/women/44.jpg
otto,kujala,bigmeercat242,male,1977-11-14 08:33:19,https://randomuser.me/api/portraits/med/men/81.jpg
thomas,campbell,goldenpeacock109,male,1960-02-01 13:13:23,https://randomuser.me/api/portraits/med/men/34.jpg
gustav,hansen,beautifulpanda863,male,1957-10-30 23:49:19,https://randomuser.me/api/portraits/med/men/62.jpg
toby,turner,orangeleopard475,male,1959-08-13 08:52:46,https://randomuser.me/api/portraits/med/men/7.jpg
brooke,hughes,goldenostrich393,female,1974-03-24 19:48:53,https://randomuser.me/api/portraits/med/women/80.jpg
lutz,stahl,beautifulleopard823,male,1980-05-13 10:22:35,https://randomuser.me/api/portraits/med/men/3.jpg
reno,santos,beautifulbutterfly402,male,1957-07-27 02:30:03,https://randomuser.me/api/portraits/med/men/85.jpg
emil,vogt,lazygoose335,male,1993-05-16 13:45:46,https://randomuser.me/api/portraits/med/men/78.jpg
emily,clark,smallduck671,female,1982-05-16 16:06:11,https://randomuser.me/api/portraits/med/women/79.jpg
marie,hoffmann,beautifulfrog690,female,1959-03-07 20:49:43,https://randomuser.me/api/portraits/med/women/92.jpg
anna,perrin,crazywolf940,female,1965-05-12 18:55:03,https://randomuser.me/api/portraits/med/women/22.jpg
edmero,vieira,yellowostrich151,male,1969-04-25 15:10:57,https://randomuser.me/api/portraits/med/men/61.jpg
dale,elliott,tinysnake604,male,1948-11-08 02:13:53,https://randomuser.me/api/portraits/med/men/22.jpg
ryan,reed,greenbutterfly264,male,1968-11-01 07:13:22,https://randomuser.me/api/portraits/med/men/41.jpg
alisa,lehtinen,purplelion254,female,1951-08-10 14:07:36,https://randomuser.me/api/portraits/med/women/37.jpg
brayden,gutierrez,greenleopard311,male,1958-12-25 14:40:52,https://randomuser.me/api/portraits/med/men/23.jpg
mathilde,jensen,whitekoala109,female,1990-04-12 12:43:08,https://randomuser.me/api/portraits/med/women/54.jpg
alfred,krieger,lazyleopard254,male,1957-02-18 16:48:24,https://randomuser.me/api/portraits/med/men/3.jpg
martinha,da mota,lazyelephant499,female,1952-09-23 09:04:35,https://randomuser.me/api/portraits/med/women/54.jpg
austin,webbink,whiteelephant318,male,1954-04-18 21:22:18,https://randomuser.me/api/portraits/med/men/91.jpg
judy,bowman,silverbutterfly970,female,1946-03-23 00:33:24,https://randomuser.me/api/portraits/med/women/7.jpg
kenneth,duncan,goldenswan940,male,1969-12-20 15:02:34,https://randomuser.me/api/portraits/med/men/67.jpg
sally,lucas,blueduck594,female,1965-09-29 11:55:59,https://randomuser.me/api/portraits/med/women/91.jpg
yvonne,stanley,browncat103,female,1987-10-28 09:45:15,https://randomuser.me/api/portraits/med/women/92.jpg
alicia,wong,smallrabbit845,female,1965-02-17 09:56:35,https://randomuser.me/api/portraits/med/women/65.jpg
samuel,kyllo,brownmeercat381,male,1964-11-06 19:53:48,https://randomuser.me/api/portraits/med/men/83.jpg
elijah,ortiz,heavyostrich686,male,1986-06-10 23:59:58,https://randomuser.me/api/portraits/med/men/27.jpg
richel,van muijen,whitefrog278,male,1976-10-29 02:21:32,https://randomuser.me/api/portraits/med/men/96.jpg
timothee,guillot,brownbird894,male,1979-03-04 01:28:13,https://randomuser.me/api/portraits/med/men/91.jpg
philippe,abraham,redtiger842,male,1949-04-28 09:14:36,https://randomuser.me/api/portraits/med/men/31.jpg
gabe,carr,brownduck709,male,1946-09-16 06:56:40,https://randomuser.me/api/portraits/med/men/88.jpg
philip,chan,tinysnake468,male,1955-08-13 17:37:18,https://randomuser.me/api/portraits/med/men/64.jpg
rose,pelletier,lazycat115,female,1989-12-15 19:26:15,https://randomuser.me/api/portraits/med/women/3.jpg
mathias,petersen,crazyduck608,male,1956-06-08 02:40:34,https://randomuser.me/api/portraits/med/men/77.jpg
lija,pinto,yellowleopard782,female,1966-07-14 07:25:55,https://randomuser.me/api/portraits/med/women/31.jpg
walter,mendoza,beautifulgorilla164,male,1963-10-11 01:11:55,https://randomuser.me/api/portraits/med/men/6.jpg
vanessa,otto,organicrabbit886,female,1981-08-24 04:25:25,https://randomuser.me/api/portraits/med/women/83.jpg
enni,linna,greenwolf685,female,1964-07-15 22:30:49,https://randomuser.me/api/portraits/med/women/95.jpg
amaro,da paz,bluebird839,male,1991-12-15 21:56:47,https://randomuser.me/api/portraits/med/men/32.jpg
reintje,eldering,greenrabbit713,female,1954-07-18 13:10:06,https://randomuser.me/api/portraits/med/women/77.jpg
arthur,lefevre,yellowlion625,male,1959-10-15 05:42:54,https://randomuser.me/api/portraits/med/men/48.jpg
ellie,anderson,heavypanda474,female,1975-12-11 07:51:02,https://randomuser.me/api/portraits/med/women/56.jpg
clara,girard,purplerabbit331,female,1946-04-10 00:49:34,https://randomuser.me/api/portraits/med/women/30.jpg
eino,lehto,smallmouse467,male,1994-01-31 09:30:54,https://randomuser.me/api/portraits/med/men/0.jpg
bobbie,thomas,greendog183,female,1970-04-30 04:52:32,https://randomuser.me/api/portraits/med/women/66.jpg
rachel,carr,ticklishleopard660,female,1992-03-08 20:39:33,https://randomuser.me/api/portraits/med/women/6.jpg
anna,olsen,blackgoose172,female,1981-06-02 19:12:55,https://randomuser.me/api/portraits/med/women/73.jpg
abby,romero,yellowrabbit995,female,1972-08-19 01:32:53,https://randomuser.me/api/portraits/med/women/53.jpg
delores,wagner,beautifulgoose209,female,1975-03-09 05:00:20,https://randomuser.me/api/portraits/med/women/25.jpg
corey,beck,ticklishtiger721,male,1957-08-17 19:54:33,https://randomuser.me/api/portraits/med/men/96.jpg
mya,dubois,crazybutterfly710,female,1951-06-28 07:47:15,https://randomuser.me/api/portraits/med/women/36.jpg
mark,bayer,lazyduck996,male,1981-03-27 03:39:44,https://randomuser.me/api/portraits/med/men/98.jpg
elias,guerin,blackelephant720,male,1980-07-10 23:07:57,https://randomuser.me/api/portraits/med/men/16.jpg
frederikke,poulsen,blackcat388,male,1957-04-11 20:47:20,https://randomuser.me/api/portraits/med/men/40.jpg
allan,roberts,bigsnake765,male,1986-10-26 05:01:49,https://randomuser.me/api/portraits/med/men/41.jpg
mathis,knight,brownladybug395,male,1971-12-23 00:56:28,https://randomuser.me/api/portraits/med/men/22.jpg
catherine,daniels,biggoose138,female,1952-03-28 22:58:37,https://randomuser.me/api/portraits/med/women/48.jpg
alexander,mackay,silvergorilla950,male,1951-12-27 17:21:40,https://randomuser.me/api/portraits/med/men/84.jpg
same,morris,crazypanda263,male,1963-10-26 06:45:17,https://randomuser.me/api/portraits/med/men/14.jpg
isabel,iglesias,purpledog524,female,1970-05-06 21:12:34,https://randomuser.me/api/portraits/med/women/39.jpg
stephen,hart,greenpeacock557,male,1994-10-30 10:20:02,https://randomuser.me/api/portraits/med/men/91.jpg
imaculada,fernandes,smallfrog956,female,1965-10-14 22:37:13,https://randomuser.me/api/portraits/med/women/73.jpg
ines,carrasco,crazymeercat979,female,1989-03-30 18:20:57,https://randomuser.me/api/portraits/med/women/28.jpg
apolline,marchand,lazykoala440,female,1960-02-02 01:58:07,https://randomuser.me/api/portraits/med/women/27.jpg
kimberly,montgomery,goldenladybug376,female,1979-10-17 13:38:47,https://randomuser.me/api/portraits/med/women/51.jpg
fatma,akar,browndog152,female,1992-04-14 15:12:25,https://randomuser.me/api/portraits/med/women/29.jpg
brennan,gomez,whiteleopard897,male,1961-05-30 14:14:49,https://randomuser.me/api/portraits/med/men/77.jpg
andreas,larsen,lazyfrog781,male,1949-11-16 18:48:58,https://randomuser.me/api/portraits/med/men/34.jpg
darciana,moura,yellowkoala370,female,1984-08-01 17:42:33,https://randomuser.me/api/portraits/med/women/1.jpg
emma,slawa,ticklishswan970,female,1953-12-04 11:32:05,https://randomuser.me/api/portraits/med/women/9.jpg
phoebe,horton,heavymeercat713,female,1949-10-15 21:58:24,https://randomuser.me/api/portraits/med/women/90.jpg
luisa,hofmann,brownleopard321,female,1980-04-22 05:35:50,https://randomuser.me/api/portraits/med/women/58.jpg
isaac,rojas,lazyfrog913,male,1962-12-30 22:38:12,https://randomuser.me/api/portraits/med/men/91.jpg
melike,atan,crazymeercat551,female,1946-02-25 10:00:22,https://randomuser.me/api/portraits/med/women/89.jpg
zoe,roy,yellowgorilla948,female,1961-06-25 18:17:54,https://randomuser.me/api/portraits/med/women/78.jpg
milla,salmi,redelephant826,female,1991-01-22 01:27:39,https://randomuser.me/api/portraits/med/women/0.jpg
emily,knight,crazypeacock213,female,1961-06-14 13:52:08,https://randomuser.me/api/portraits/med/women/43.jpg
higina,nascimento,redpeacock749,female,1988-11-24 09:59:49,https://randomuser.me/api/portraits/med/women/38.jpg
nicholas,davis,bluegorilla380,male,1958-05-13 09:25:14,https://randomuser.me/api/portraits/med/men/46.jpg
martin,faure,smalldog446,male,1963-11-05 14:19:36,https://randomuser.me/api/portraits/med/men/93.jpg
nieves,velasco,organicleopard699,female,1993-12-17 21:43:16,https://randomuser.me/api/portraits/med/women/11.jpg
eemeli,lehtola,tinywolf303,male,1959-06-15 08:28:16,https://randomuser.me/api/portraits/med/men/22.jpg
viivi,niska,organiccat520,female,1975-08-14 07:48:24,https://randomuser.me/api/portraits/med/women/33.jpg
judy,nichols,organiccat325,female,1972-04-22 01:45:52,https://randomuser.me/api/portraits/med/women/14.jpg
barb,bowman,ticklishtiger299,female,1964-01-08 07:10:19,https://randomuser.me/api/portraits/med/women/24.jpg
audrey,marshall,beautifulbear286,female,1958-11-23 03:20:01,https://randomuser.me/api/portraits/med/women/9.jpg
cornelis,steunebrink,beautifulleopard624,male,1983-09-17 05:55:24,https://randomuser.me/api/portraits/med/men/66.jpg
maria,nielsen,whiterabbit657,female,1967-01-21 10:13:44,https://randomuser.me/api/portraits/med/women/95.jpg
gabriel,mora,heavybutterfly205,male,1984-02-09 19:02:44,https://randomuser.me/api/portraits/med/men/41.jpg
nerea,blanco,greenmouse945,female,1960-07-17 19:35:35,https://randomuser.me/api/portraits/med/women/40.jpg
nora,louis,lazybutterfly864,female,1982-05-29 15:07:31,https://randomuser.me/api/portraits/med/women/64.jpg
vedat,keuning,brownfish509,male,1946-09-09 02:53:03,https://randomuser.me/api/portraits/med/men/75.jpg
emily,neal,yellowduck941,female,1969-10-14 19:20:14,https://randomuser.me/api/portraits/med/women/41.jpg
luz,benitez,silverkoala942,female,1945-02-09 04:40:05,https://randomuser.me/api/portraits/med/women/66.jpg
alfred,dietz,purpledog172,male,1976-08-14 06:40:41,https://randomuser.me/api/portraits/med/men/27.jpg
rick,simmmons,greenfrog916,male,1981-01-13 14:43:32,https://randomuser.me/api/portraits/med/men/78.jpg
max,howell,brownelephant249,male,1995-06-28 20:29:41,https://randomuser.me/api/portraits/med/men/41.jpg
elmer,jimenez,smalldog286,male,1971-06-12 12:36:59,https://randomuser.me/api/portraits/med/men/35.jpg
derek,knight,goldenlion480,male,1947-05-24 03:07:30,https://randomuser.me/api/portraits/med/men/89.jpg
kate,smith,redostrich321,female,1963-01-19 20:50:26,https://randomuser.me/api/portraits/med/women/17.jpg
toivo,maunu,yellowgoose288,male,1971-11-17 22:17:19,https://randomuser.me/api/portraits/med/men/42.jpg
jesse,soto,silverfrog629,male,1948-01-28 23:09:04,https://randomuser.me/api/portraits/med/men/32.jpg
benjamin,ferguson,ticklishkoala975,male,1980-03-05 13:30:54,https://randomuser.me/api/portraits/med/men/96.jpg
mario,castillo,organiclion310,male,1951-02-06 15:58:26,https://randomuser.me/api/portraits/med/men/67.jpg
juliette,gagnon,greenmeercat196,female,1949-11-23 00:54:36,https://randomuser.me/api/portraits/med/women/77.jpg
marianne,miller,browncat368,female,1976-02-25 02:14:37,https://randomuser.me/api/portraits/med/women/47.jpg
tom,wiedemann,silverduck666,male,1974-06-10 18:46:18,https://randomuser.me/api/portraits/med/men/98.jpg
caitlin,wright,blackswan173,female,1988-06-29 08:56:26,https://randomuser.me/api/portraits/med/women/30.jpg
arthur,williams,purplebear480,male,1952-12-11 08:02:52,https://randomuser.me/api/portraits/med/men/11.jpg
mila,lemaire,ticklishpeacock991,female,1985-04-22 06:36:17,https://randomuser.me/api/portraits/med/women/50.jpg
harry,woods,smallpeacock832,male,1993-07-14 20:26:24,https://randomuser.me/api/portraits/med/men/96.jpg
marcus,mortensen,goldenfrog730,male,1991-08-11 17:07:18,https://randomuser.me/api/portraits/med/men/35.jpg
melissa,parker,blackgorilla323,female,1947-02-15 23:06:54,https://randomuser.me/api/portraits/med/women/42.jpg
universia,campos,ticklishleopard455,female,1992-02-04 12:56:10,https://randomuser.me/api/portraits/med/women/31.jpg
leo,kaufmann,browngoose295,male,1974-12-05 05:25:48,https://randomuser.me/api/portraits/med/men/27.jpg
anastasia,neubauer,browncat238,female,1986-04-01 05:59:09,https://randomuser.me/api/portraits/med/women/9.jpg
savannah,wagner,yellowleopard563,female,1945-02-06 16:49:30,https://randomuser.me/api/portraits/med/women/45.jpg
roland,robertson,purplebutterfly294,male,1968-07-22 17:07:25,https://randomuser.me/api/portraits/med/men/70.jpg
glenda,webb,beautifulpanda204,female,1950-08-15 03:08:55,https://randomuser.me/api/portraits/med/women/91.jpg
donald,carpenter,goldenpanda800,male,1966-09-14 09:42:43,https://randomuser.me/api/portraits/med/men/35.jpg
corentin,pierre,goldenlion919,male,1995-04-28 13:59:43,https://randomuser.me/api/portraits/med/men/18.jpg
elise,schenk,heavydog585,female,1978-07-25 06:18:25,https://randomuser.me/api/portraits/med/women/29.jpg
alexander,thompson,heavyostrich902,male,1949-02-16 18:12:35,https://randomuser.me/api/portraits/med/men/10.jpg
giordano,hollaar,yellowgorilla162,male,1946-11-04 07:31:13,https://randomuser.me/api/portraits/med/men/24.jpg
ana,hubert,tinylion390,female,1970-09-14 23:56:58,https://randomuser.me/api/portraits/med/women/12.jpg
sofie,thomsen,beautifulmouse140,female,1980-06-04 05:40:31,https://randomuser.me/api/portraits/med/women/82.jpg
rick,long,purpleladybug674,male,1992-12-15 07:07:48,https://randomuser.me/api/portraits/med/men/98.jpg
elisa,bock,crazylion352,female,1959-05-29 01:08:33,https://randomuser.me/api/portraits/med/women/32.jpg
emilio,mora,blackpanda653,male,1975-01-18 19:06:51,https://randomuser.me/api/portraits/med/men/8.jpg
mika,sauer,purpleelephant395,male,1969-01-23 15:20:25,https://randomuser.me/api/portraits/med/men/76.jpg
sasha,lecomte,purplecat244,male,1985-03-19 03:01:46,https://randomuser.me/api/portraits/med/men/27.jpg
kaya,toraman,lazymouse855,male,1959-01-17 05:33:56,https://randomuser.me/api/portraits/med/men/8.jpg
mabel,white,goldenelephant535,female,1979-01-06 18:35:36,https://randomuser.me/api/portraits/med/women/78.jpg
anna,stevens,goldenkoala295,female,1980-05-11 15:19:04,https://randomuser.me/api/portraits/med/women/37.jpg
leo,thompson,organicbutterfly121,male,1974-11-16 19:06:10,https://randomuser.me/api/portraits/med/men/57.jpg
andrew,garza,greenfish602,male,1954-05-06 06:47:15,https://randomuser.me/api/portraits/med/men/93.jpg
guillermo,dominguez,crazygorilla435,male,1949-07-26 17:21:59,https://randomuser.me/api/portraits/med/men/92.jpg
fadil,vermeeren,purplelion187,male,1965-01-14 15:51:47,https://randomuser.me/api/portraits/med/men/12.jpg
lenny,fleury,lazygorilla264,male,1974-09-16 02:41:24,https://randomuser.me/api/portraits/med/men/50.jpg
rai,barbosa,biggorilla107,male,1948-10-10 11:07:38,https://randomuser.me/api/portraits/med/men/76.jpg
ana,cruz,purplelion345,female,1976-07-02 20:30:15,https://randomuser.me/api/portraits/med/women/31.jpg
elisa,gutierrez,blackfrog491,female,1962-03-11 17:55:55,https://randomuser.me/api/portraits/med/women/42.jpg
otto,makinen,brownlion863,male,1950-06-09 15:17:28,https://randomuser.me/api/portraits/med/men/12.jpg
brenna,opmeer,smallfish908,female,1968-11-18 22:04:43,https://randomuser.me/api/portraits/med/women/69.jpg
marina,fricke,purplesnake545,female,1945-08-14 19:05:39,https://randomuser.me/api/portraits/med/women/28.jpg
tammy,taylor,redswan770,female,1958-10-22 09:22:27,https://randomuser.me/api/portraits/med/women/11.jpg
liam,fleming,heavyswan514,male,1988-05-11 18:20:54,https://randomuser.me/api/portraits/med/men/26.jpg
manuela,garcia,goldensnake724,female,1965-08-05 16:49:02,https://randomuser.me/api/portraits/med/women/17.jpg
nathan,dupuis,smallsnake600,male,1960-12-03 04:26:38,https://randomuser.me/api/portraits/med/men/42.jpg
elmer,romero,lazymouse458,male,1995-02-20 13:21:40,https://randomuser.me/api/portraits/med/men/73.jpg
joaquin,rubio,purplepanda556,male,1967-09-18 18:31:36,https://randomuser.me/api/portraits/med/men/10.jpg
max,lawrence,organicgoose214,male,1990-02-11 12:19:59,https://randomuser.me/api/portraits/med/men/38.jpg
angus,chen,organicladybug659,male,1990-05-26 05:33:12,https://randomuser.me/api/portraits/med/men/33.jpg
edgar,colin,organicwolf487,male,1949-09-14 11:53:04,https://randomuser.me/api/portraits/med/men/15.jpg
philip,wong,tinylion293,male,1973-03-25 04:17:43,https://randomuser.me/api/portraits/med/men/22.jpg
xavier,jones,lazyfish992,male,1950-01-12 01:27:28,https://randomuser.me/api/portraits/med/men/12.jpg
gustav,jensen,lazybear413,male,1994-11-19 09:22:28,https://randomuser.me/api/portraits/med/men/87.jpg
emre,baykam,organicwolf245,male,1947-10-30 00:01:57,https://randomuser.me/api/portraits/med/men/74.jpg
apolline,fernandez,purplesnake558,female,1960-12-21 11:22:24,https://randomuser.me/api/portraits/med/women/71.jpg
indie,green,tinywolf743,female,1993-12-14 10:11:53,https://randomuser.me/api/portraits/med/women/23.jpg
liva,andersen,silvertiger491,female,1960-02-10 07:34:39,https://randomuser.me/api/portraits/med/women/30.jpg
kerttu,hokkanen,whiteladybug297,female,1992-01-05 12:55:23,https://randomuser.me/api/portraits/med/women/88.jpg
camila,carpenter,smallfish555,female,1981-02-27 20:44:29,https://randomuser.me/api/portraits/med/women/70.jpg
amelia,johnston,yellowgorilla798,female,1952-07-20 03:54:21,https://randomuser.me/api/portraits/med/women/49.jpg
steve,maljaars,goldenpeacock214,male,1982-02-25 07:34:38,https://randomuser.me/api/portraits/med/men/59.jpg
alba,ruiz,heavysnake858,female,1966-03-12 08:34:15,https://randomuser.me/api/portraits/med/women/46.jpg
aubree,barnaby,smallostrich136,female,1995-04-30 09:57:10,https://randomuser.me/api/portraits/med/women/40.jpg
leon,holland,ticklishostrich571,male,1990-05-24 09:52:59,https://randomuser.me/api/portraits/med/men/35.jpg
mark,hansen,blackgorilla252,male,1984-08-02 13:57:15,https://randomuser.me/api/portraits/med/men/49.jpg
elsa,koskela,ticklishduck889,female,1980-04-13 04:17:35,https://randomuser.me/api/portraits/med/women/91.jpg
julio,white,purplegorilla922,male,1952-01-10 19:32:20,https://randomuser.me/api/portraits/med/men/28.jpg
patricia,carrasco,tinygorilla558,female,1947-01-25 08:28:39,https://randomuser.me/api/portraits/med/women/54.jpg
minne,bouw,yellowlion264,female,1945-08-20 00:35:34,https://randomuser.me/api/portraits/med/women/4.jpg
juliette,rodriguez,heavygoose204,female,1980-04-05 04:04:18,https://randomuser.me/api/portraits/med/women/9.jpg
lya,sanchez,lazyrabbit529,female,1958-08-23 18:55:27,https://randomuser.me/api/portraits/med/women/22.jpg
nelson,clark,whitebutterfly515,male,1964-10-15 14:42:35,https://randomuser.me/api/portraits/med/men/37.jpg
joona,niemela,blackrabbit654,male,1953-11-25 07:42:54,https://randomuser.me/api/portraits/med/men/75.jpg
julio,dominguez,brownelephant417,male,1976-09-14 13:29:32,https://randomuser.me/api/portraits/med/men/97.jpg
harley,morris,blueladybug619,male,1978-07-19 04:59:53,https://randomuser.me/api/portraits/med/men/81.jpg
lily,johnson,orangeleopard381,female,1945-05-15 12:28:43,https://randomuser.me/api/portraits/med/women/14.jpg
michelle,freeman,silverswan394,female,1960-01-04 17:17:02,https://randomuser.me/api/portraits/med/women/30.jpg
cecil,van der togt,tinydog365,female,1984-04-09 10:42:03,https://randomuser.me/api/portraits/med/women/60.jpg
lotta,latvala,orangefish524,female,1982-10-01 03:46:50,https://randomuser.me/api/portraits/med/women/55.jpg
enola,lucas,whitegorilla994,female,1965-01-15 11:48:15,https://randomuser.me/api/portraits/med/women/85.jpg
dave,watts,greenladybug247,male,1960-02-09 02:55:27,https://randomuser.me/api/portraits/med/men/21.jpg
gordon,ortiz,redmeercat725,male,1981-02-04 03:28:56,https://randomuser.me/api/portraits/med/men/70.jpg
samuel,williams,greenfrog248,male,1962-08-11 15:27:56,https://randomuser.me/api/portraits/med/men/73.jpg
carla,delgado,orangebutterfly727,female,1957-07-05 02:57:35,https://randomuser.me/api/portraits/med/women/19.jpg
fatih,kunter,whiterabbit771,male,1983-11-01 08:49:51,https://randomuser.me/api/portraits/med/men/6.jpg
maura,barbosa,smallbird453,female,1992-06-16 14:50:48,https://randomuser.me/api/portraits/med/women/21.jpg
nikolas,grimm,silverelephant586,male,1982-12-24 15:36:06,https://randomuser.me/api/portraits/med/men/53.jpg
avery,fortin,redpeacock458,female,1945-01-26 13:12:55,https://randomuser.me/api/portraits/med/women/95.jpg
hannah,singh,blueladybug713,female,1987-08-04 10:43:58,https://randomuser.me/api/portraits/med/women/31.jpg
georg,hauser,organicdog226,male,1991-03-24 17:07:28,https://randomuser.me/api/portraits/med/men/48.jpg
silviane,da paz,brownfish197,female,1952-01-03 19:54:29,https://randomuser.me/api/portraits/med/women/61.jpg
thibaut,dufour,ticklishmeercat719,male,1953-01-19 20:15:59,https://randomuser.me/api/portraits/med/men/98.jpg
asuncion,gutierrez,purpledog757,female,1960-01-12 23:47:58,https://randomuser.me/api/portraits/med/women/14.jpg
natalie,mckinney,silverlion574,female,1984-01-21 01:58:59,https://randomuser.me/api/portraits/med/women/17.jpg
helena,steiner,whiterabbit419,female,1945-09-07 08:03:20,https://randomuser.me/api/portraits/med/women/57.jpg
olivier,slawa,orangemouse981,male,1960-04-05 23:40:38,https://randomuser.me/api/portraits/med/men/7.jpg
albert,pedersen,lazybutterfly199,male,1977-08-16 07:44:13,https://randomuser.me/api/portraits/med/men/97.jpg
malou,hansen,brownbear779,female,1991-09-05 01:32:11,https://randomuser.me/api/portraits/med/women/71.jpg
nalan,adan,lazyelephant218,female,1958-11-23 01:57:43,https://randomuser.me/api/portraits/med/women/69.jpg
otto,aho,organicpeacock534,male,1945-05-21 08:40:29,https://randomuser.me/api/portraits/med/men/74.jpg
hannah,miller,goldengorilla384,female,1965-08-27 00:47:57,https://randomuser.me/api/portraits/med/women/11.jpg
oscar,arnaud,blackpanda690,male,1946-12-25 00:08:18,https://randomuser.me/api/portraits/med/men/99.jpg
victor,ma,ticklishcat639,male,1951-12-14 08:34:56,https://randomuser.me/api/portraits/med/men/35.jpg
zeger,de hart,crazypanda874,male,1983-09-04 02:27:46,https://randomuser.me/api/portraits/med/men/57.jpg
jonathan,burton,blackostrich175,male,1977-06-17 18:31:06,https://randomuser.me/api/portraits/med/men/52.jpg
nalan,atan,heavygorilla247,female,1947-01-30 18:53:30,https://randomuser.me/api/portraits/med/women/68.jpg
logan,pearson,smalldog959,male,1983-05-14 03:47:58,https://randomuser.me/api/portraits/med/men/21.jpg
oliver,olsen,ticklishduck414,male,1995-08-13 18:49:57,https://randomuser.me/api/portraits/med/men/93.jpg
isabelle,hall,lazybutterfly661,female,1992-01-05 01:39:12,https://randomuser.me/api/portraits/med/women/91.jpg
megan,castro,yellowelephant594,female,1958-10-29 03:23:19,https://randomuser.me/api/portraits/med/women/3.jpg
sofia,hunter,lazykoala419,female,1991-06-29 02:16:41,https://randomuser.me/api/portraits/med/women/0.jpg
buse,tunaboylu,lazylion420,female,1958-10-05 14:37:07,https://randomuser.me/api/portraits/med/women/15.jpg
oliver,mikkola,blackdog175,male,1965-06-01 17:09:34,https://randomuser.me/api/portraits/med/men/1.jpg
ashton,wang,orangemeercat921,male,1993-12-13 19:51:48,https://randomuser.me/api/portraits/med/men/61.jpg
kalle,portier,greenswan590,male,1963-07-05 05:39:09,https://randomuser.me/api/portraits/med/men/38.jpg
magnus,rasmussen,beautifulpeacock594,male,1950-11-23 02:14:47,https://randomuser.me/api/portraits/med/men/88.jpg
louise,gray,ticklishfrog943,female,1991-12-18 22:32:01,https://randomuser.me/api/portraits/med/women/42.jpg
ellen,kemppainen,tinyfish687,female,1983-04-17 05:38:59,https://randomuser.me/api/portraits/med/women/62.jpg
ruben,cortes,purplefish488,male,1979-07-02 22:42:30,https://randomuser.me/api/portraits/med/men/57.jpg
alfredo,james,bigladybug308,male,1952-09-06 11:47:39,https://randomuser.me/api/portraits/med/men/31.jpg
kayla,white,heavypeacock840,female,1959-09-08 19:24:44,https://randomuser.me/api/portraits/med/women/26.jpg
vincent,kumar,beautifulgoose606,male,1976-10-07 19:26:24,https://randomuser.me/api/portraits/med/men/74.jpg
ella,thomsen,beautifulmeercat352,female,1957-10-19 06:20:39,https://randomuser.me/api/portraits/med/women/31.jpg
martinus,grootveld,organicmouse927,male,1950-09-10 16:00:10,https://randomuser.me/api/portraits/med/men/7.jpg
oliver,olsen,purplewolf363,male,1961-10-24 22:26:03,https://randomuser.me/api/portraits/med/men/23.jpg
anni,palo,tinymeercat483,female,1994-08-10 23:29:04,https://randomuser.me/api/portraits/med/women/93.jpg
matias,raisanen,yellowladybug161,male,1991-12-21 13:35:34,https://randomuser.me/api/portraits/med/men/73.jpg
alexandra,boyd,tinyostrich486,female,1979-07-09 19:34:12,https://randomuser.me/api/portraits/med/women/27.jpg
silje,petersen,greenladybug127,female,1975-12-31 00:59:28,https://randomuser.me/api/portraits/med/women/84.jpg
greta,mayer,silverrabbit208,female,1975-06-22 16:16:47,https://randomuser.me/api/portraits/med/women/26.jpg
mandy,wallace,heavypanda168,female,1954-06-28 00:15:05,https://randomuser.me/api/portraits/med/women/3.jpg
amalie,christiansen,purplecat612,female,1989-01-10 05:05:50,https://randomuser.me/api/portraits/med/women/59.jpg
tucha,alves,yellowcat982,female,1968-08-19 10:13:29,https://randomuser.me/api/portraits/med/women/89.jpg
elsie,henderson,lazyostrich799,female,1974-07-31 20:59:48,https://randomuser.me/api/portraits/med/women/92.jpg
dulce,da paz,crazybutterfly210,female,1971-09-28 15:31:05,https://randomuser.me/api/portraits/med/women/59.jpg
sebastian,diez,smalldog830,male,1959-05-06 19:05:36,https://randomuser.me/api/portraits/med/men/56.jpg
cathriona,williamson,orangecat130,female,1983-05-15 23:02:37,https://randomuser.me/api/portraits/med/women/94.jpg
milo,simon,greenmeercat850,male,1971-02-17 03:45:23,https://randomuser.me/api/portraits/med/men/87.jpg
carissa,lenters,silverbear871,female,1956-02-24 19:10:51,https://randomuser.me/api/portraits/med/women/74.jpg
lorena,moya,beautifulostrich887,female,1959-06-24 07:36:44,https://randomuser.me/api/portraits/med/women/30.jpg
elena,grimm,bluewolf609,female,1987-12-23 23:25:56,https://randomuser.me/api/portraits/med/women/4.jpg
armand,francois,redsnake905,male,1960-06-13 08:38:41,https://randomuser.me/api/portraits/med/men/64.jpg
iina,takala,purplegoose128,female,1993-02-07 05:40:13,https://randomuser.me/api/portraits/med/women/56.jpg
jasper,krug,silverbutterfly949,male,1968-08-21 19:46:50,https://randomuser.me/api/portraits/med/men/8.jpg
holly,wagner,smallcat868,female,1973-11-22 00:09:20,https://randomuser.me/api/portraits/med/women/23.jpg
mestan,karaer,bluebird909,female,1972-05-09 19:59:43,https://randomuser.me/api/portraits/med/women/80.jpg
taciane,pinto,tinypanda863,female,1987-05-07 13:08:16,https://randomuser.me/api/portraits/med/women/27.jpg
sheryl,barrett,lazygorilla695,female,1965-06-23 23:28:59,https://randomuser.me/api/portraits/med/women/68.jpg
charly,henry,ticklishwolf639,male,1990-12-14 20:43:35,https://randomuser.me/api/portraits/med/men/39.jpg
gerardo,viana,yellowpanda971,male,1973-06-19 09:10:51,https://randomuser.me/api/portraits/med/men/21.jpg
erin,hoffman,bluegoose754,female,1983-04-09 10:08:02,https://randomuser.me/api/portraits/med/women/2.jpg
purificacion,crespo,blackbear114,female,1974-10-20 20:18:37,https://randomuser.me/api/portraits/med/women/6.jpg
ambre,menard,purplebear371,female,1960-11-10 08:01:07,https://randomuser.me/api/portraits/med/women/40.jpg
selma,mortensen,beautifulbird267,female,1974-06-12 01:49:31,https://randomuser.me/api/portraits/med/women/59.jpg
caroline,reyes,yellowgoose564,female,1983-03-21 01:16:39,https://randomuser.me/api/portraits/med/women/73.jpg
wayne,woods,goldenwolf701,male,1966-10-24 01:35:37,https://randomuser.me/api/portraits/med/men/70.jpg
megan,schmidt,goldenladybug442,female,1969-12-13 08:26:22,https://randomuser.me/api/portraits/med/women/87.jpg
arron,sullivan,orangeswan792,male,1970-08-23 17:39:27,https://randomuser.me/api/portraits/med/men/24.jpg
rufino,da mota,crazysnake863,male,1986-11-03 10:29:02,https://randomuser.me/api/portraits/med/men/27.jpg
lauri,tervo,lazyostrich807,male,1954-01-20 12:53:18,https://randomuser.me/api/portraits/med/men/50.jpg
nihal,karaduman,ticklishpanda888,male,1957-02-10 00:25:50,https://randomuser.me/api/portraits/med/men/57.jpg
alberte,nielsen,silverlion825,female,1972-07-09 07:55:23,https://randomuser.me/api/portraits/med/women/20.jpg
lauren,ramos,beautifulwolf492,female,1973-04-15 13:04:16,https://randomuser.me/api/portraits/med/women/9.jpg
hector,garnier,redgorilla409,male,1976-04-26 05:09:48,https://randomuser.me/api/portraits/med/men/73.jpg
katrine,johansen,whiterabbit255,female,1962-04-05 16:59:44,https://randomuser.me/api/portraits/med/women/91.jpg
zoe,lavoie,biggoose535,female,1986-02-14 01:26:52,https://randomuser.me/api/portraits/med/women/84.jpg
sofia,johansen,bluedog382,female,1969-07-25 01:37:58,https://randomuser.me/api/portraits/med/women/92.jpg
anatole,garcia,heavyduck855,male,1951-02-22 07:35:52,https://randomuser.me/api/portraits/med/men/31.jpg
hudson,taylor,bigmeercat265,male,1950-09-15 19:30:59,https://randomuser.me/api/portraits/med/men/79.jpg
tjebbe,uijtdewilligen,goldenbird552,male,1992-07-26 10:07:12,https://randomuser.me/api/portraits/med/men/83.jpg
zoe,jackson,yellowwolf986,female,1963-06-16 08:03:51,https://randomuser.me/api/portraits/med/women/9.jpg
arttu,palo,greenelephant828,male,1982-02-03 17:58:40,https://randomuser.me/api/portraits/med/men/9.jpg
estelle,nicolas,redduck572,female,1992-12-06 21:49:21,https://randomuser.me/api/portraits/med/women/65.jpg
freddie,henderson,crazybutterfly674,male,1987-12-15 11:34:17,https://randomuser.me/api/portraits/med/men/80.jpg
jaime,cano,beautifulfrog695,male,1951-08-06 06:04:54,https://randomuser.me/api/portraits/med/men/22.jpg
carter,martin,purpleleopard844,male,1945-01-15 00:01:55,https://randomuser.me/api/portraits/med/men/57.jpg
noel,wiedemann,bigbird134,male,1989-05-09 20:18:29,https://randomuser.me/api/portraits/med/men/36.jpg
harper,bouchard,greenwolf236,female,1963-09-01 01:14:00,https://randomuser.me/api/portraits/med/women/33.jpg
leanne,ouellet,orangedog111,female,1946-11-12 07:44:42,https://randomuser.me/api/portraits/med/women/13.jpg
sofia,hall,whitewolf922,female,1992-06-10 07:07:04,https://randomuser.me/api/portraits/med/women/36.jpg
jannis,witte,beautifullion550,male,1948-07-12 18:22:37,https://randomuser.me/api/portraits/med/men/74.jpg
emilie,park,yellowcat785,female,1978-10-20 23:50:29,https://randomuser.me/api/portraits/med/women/69.jpg
jessie,jacobs,ticklishladybug571,male,1980-12-07 05:54:38,https://randomuser.me/api/portraits/med/men/30.jpg
raymon,keskin,browngoose613,male,1960-02-12 21:03:08,https://randomuser.me/api/portraits/med/men/1.jpg
tristan,jenkins,blackleopard933,male,1990-08-09 00:59:21,https://randomuser.me/api/portraits/med/men/44.jpg
max,roberts,smallfrog276,male,1961-01-23 19:48:46,https://randomuser.me/api/portraits/med/men/39.jpg
elijah,howard,beautifulduck111,male,1972-11-17 15:41:02,https://randomuser.me/api/portraits/med/men/44.jpg
andrew,garcia,heavycat495,male,1961-11-23 04:46:52,https://randomuser.me/api/portraits/med/men/50.jpg
nicholas,brooks,blackcat370,male,1993-12-08 08:17:14,https://randomuser.me/api/portraits/med/men/25.jpg
creusa,sales,brownmouse264,female,1957-07-06 10:52:05,https://randomuser.me/api/portraits/med/women/67.jpg
charlotte,riley,bigbear622,female,1980-10-07 18:19:24,https://randomuser.me/api/portraits/med/women/9.jpg
harper,hughes,ticklishbird345,female,1984-03-02 13:19:26,https://randomuser.me/api/portraits/med/women/12.jpg
gregorio,calvo,whitegorilla908,male,1986-07-23 05:57:40,https://randomuser.me/api/portraits/med/men/13.jpg
meike,dietz,bluedog589,female,1970-03-10 20:08:29,https://randomuser.me/api/portraits/med/women/34.jpg
eddie,king,brownlion891,male,1979-01-22 12:27:30,https://randomuser.me/api/portraits/med/men/73.jpg
ethan,roche,heavymeercat864,male,1977-08-02 21:16:08,https://randomuser.me/api/portraits/med/men/13.jpg
kyle,davis,orangeladybug228,male,1983-03-02 09:23:23,https://randomuser.me/api/portraits/med/men/16.jpg
sebastiaan,veenendaal,goldenmeercat522,male,1986-05-16 12:53:18,https://randomuser.me/api/portraits/med/men/68.jpg
lydia,haase,bluepanda797,female,1985-04-25 03:40:31,https://randomuser.me/api/portraits/med/women/3.jpg
chloe,sanders,smallladybug145,female,1957-02-28 10:43:47,https://randomuser.me/api/portraits/med/women/71.jpg
antonin,renard,purplerabbit439,male,1975-10-17 20:53:31,https://randomuser.me/api/portraits/med/men/31.jpg
loan,guillaume,greenbutterfly579,male,1989-06-14 01:30:16,https://randomuser.me/api/portraits/med/men/1.jpg
linda,kramer,silverrabbit202,female,1992-08-31 21:51:00,https://randomuser.me/api/portraits/med/women/73.jpg
adam,davies,tinyrabbit208,male,1994-10-07 04:03:31,https://randomuser.me/api/portraits/med/men/2.jpg
arnaud,sirko,smallladybug106,male,1988-12-07 17:46:29,https://randomuser.me/api/portraits/med/men/21.jpg
lucas,bakkeren,ticklishlion455,male,1967-04-14 20:24:29,https://randomuser.me/api/portraits/med/men/92.jpg
jamie,roberts,organicduck518,male,1957-02-07 17:15:05,https://randomuser.me/api/portraits/med/men/31.jpg
nelson,rose,yellowpanda232,male,1957-01-11 05:13:08,https://randomuser.me/api/portraits/med/men/99.jpg
remigius,heeres,yellowfish600,male,1981-09-06 13:35:52,https://randomuser.me/api/portraits/med/men/13.jpg
nick,morales,purplefrog577,male,1989-07-05 07:30:37,https://randomuser.me/api/portraits/med/men/98.jpg
armando,fowler,crazybear322,male,1962-07-24 01:19:24,https://randomuser.me/api/portraits/med/men/47.jpg
maren,nowak,goldengorilla166,female,1951-09-03 13:17:26,https://randomuser.me/api/portraits/med/women/91.jpg
sofia,thomsen,brownostrich515,female,1959-01-15 16:08:16,https://randomuser.me/api/portraits/med/women/13.jpg
eliza,roberts,tinyostrich665,female,1994-01-04 06:00:20,https://randomuser.me/api/portraits/med/women/85.jpg
alexis,arnold,brownfish156,female,1963-09-22 16:32:32,https://randomuser.me/api/portraits/med/women/7.jpg
stefan,scherer,smalldog600,male,1975-05-03 16:50:20,https://randomuser.me/api/portraits/med/men/96.jpg
katherine,simpson,orangemouse487,female,1959-05-04 14:38:40,https://randomuser.me/api/portraits/med/women/8.jpg
vincent,denys,ticklishgoose694,male,1956-06-27 23:24:28,https://randomuser.me/api/portraits/med/men/88.jpg
alex,cooper,goldencat965,male,1973-10-21 18:04:51,https://randomuser.me/api/portraits/med/men/96.jpg
norma,gomes,bigsnake766,female,1971-05-26 13:29:58,https://randomuser.me/api/portraits/med/women/81.jpg
andrea,madsen,ticklishswan413,female,1955-07-20 00:33:41,https://randomuser.me/api/portraits/med/women/20.jpg
ivan,morales,ticklishtiger976,male,1993-10-10 19:17:02,https://randomuser.me/api/portraits/med/men/94.jpg
ronja,harju,smallgorilla564,female,1985-09-23 11:42:10,https://randomuser.me/api/portraits/med/women/39.jpg
flaviana,cardoso,beautifulladybug577,female,1968-05-27 04:44:04,https://randomuser.me/api/portraits/med/women/81.jpg
elio,jean,whitemeercat774,male,1993-09-16 09:14:24,https://randomuser.me/api/portraits/med/men/0.jpg
lionel,gerlach,smallwolf245,male,1951-07-14 10:53:54,https://randomuser.me/api/portraits/med/men/85.jpg
roberta,hansen,redkoala635,female,1976-03-17 08:00:21,https://randomuser.me/api/portraits/med/women/84.jpg
sophie,wood,yellowladybug441,female,1991-03-06 21:20:57,https://randomuser.me/api/portraits/med/women/80.jpg
doris,stanley,bluemeercat405,female,1985-04-25 03:36:17,https://randomuser.me/api/portraits/med/women/19.jpg
lester,carlson,ticklishtiger987,male,1986-10-18 00:15:17,https://randomuser.me/api/portraits/med/men/49.jpg
connor,thompson,redlion403,male,1982-05-21 10:02:15,https://randomuser.me/api/portraits/med/men/33.jpg
adam,thomas,blueelephant151,male,1964-09-17 11:45:59,https://randomuser.me/api/portraits/med/men/44.jpg
aisa,lankhaar,brownleopard603,female,1955-03-16 03:31:29,https://randomuser.me/api/portraits/med/women/68.jpg
morsal,van der zaag,ticklishcat270,female,1964-03-31 08:03:04,https://randomuser.me/api/portraits/med/women/24.jpg
rene,duncan,brownpeacock309,male,1980-07-25 17:50:43,https://randomuser.me/api/portraits/med/men/66.jpg
gordon,ross,ticklishelephant232,male,1967-11-24 09:29:28,https://randomuser.me/api/portraits/med/men/40.jpg
adam,anderson,brownladybug534,male,1954-09-24 19:28:16,https://randomuser.me/api/portraits/med/men/56.jpg
miro,wuollet,bigmouse196,male,1962-07-24 15:44:53,https://randomuser.me/api/portraits/med/men/19.jpg
roseline,stienstra,yellowcat536,female,1965-10-25 17:36:51,https://randomuser.me/api/portraits/med/women/83.jpg
suzy,nelson,redkoala619,female,1947-03-15 10:24:10,https://randomuser.me/api/portraits/med/women/59.jpg
tammy,ward,crazymeercat791,female,1989-01-04 05:57:23,https://randomuser.me/api/portraits/med/women/61.jpg
juan,lopez,heavybear603,male,1977-10-01 16:45:38,https://randomuser.me/api/portraits/med/men/74.jpg